Y,Data,XAU,BGNL,BDIY,CRY,DXY,VIX,Cl1,XAU BGNL
1,01/01/2021,2181.0085524069154,2409.8767628840274,2892.4674232277935,257.961957406928,94.9175494977794,23.262764489697723,67.65287446128079,1163.346625168636
1,01/15/2021,2115.8708722813562,2702.7921806208146,1620.1236880487668,192.03906814829423,106.99635335574513,23.87975384120128,69.23410293656966,1431.0158485641216
0,01/29/2021,1985.8686859374236,3069.70091231159,2932.014705962194,181.81157381080538,99.05265291178314,34.60301230320765,70.42166261180718,1441.5230429660742
1,02/12/2021,1851.5047584958224,2796.5083860068526,3215.8099198268865,233.65224567948613,89.49088754031159,49.29983116792349,92.33219511692616,1377.7315917426247
0,02/26/2021,1740.6348759289037,2261.0806318997443,2153.65725135312,156.5674384218962,103.26961738174697,18.163492111265644,76.24033533077031,1380.4512324727007
1,03/12/2021,2025.2023931065114,2873.3364620190305,1391.939609291488,170.08483036979547,91.35077098324076,11.950921543154216,99.932462602502,1316.4298832356176
1,03/26/2021,2074.824197937498,2595.937170599753,3056.8230539191336,190.36550199557956,93.15422195777936,42.70348599742167,111.87348985586767,1329.618476254514
0,04/09/2021,1899.316509750315,2569.8852814097,3498.956939511786,153.7790943196018,88.7800021544113,13.122992977553526,76.12681818070612,1550.4143770711012
1,04/23/2021,1731.7273714804824,2423.522637073234,3487.0193022084195,223.16499433809327,103.52629740913821,36.39911051554744,67.53141364229428,2052.9487901187435
0,05/07/2021,1921.3031055847882,2902.7945844488404,3064.672721654505,208.9857931163585,91.71734031072201,26.853607441927675,128.8493983594685,1515.5077102267912
1,05/21/2021,1963.0041015042862,3103.8664644126347,3424.226006643388,175.84964509699086,102.34452095819961,42.37912393718989,117.29037309733081,1178.1089888087251
1,06/04/2021,1506.5452756485051,2682.4801030781045,1267.7105136600949,153.58058183555534,87.67584743996495,45.241643537058806,41.301368377451354,1520.4571267472968
1,06/18/2021,1552.964677941906,2751.1344305687344,3163.786469481835,165.68034090398191,97.1657353574956,38.35595777145042,86.25425711203138,2061.1183265442633
1,07/02/2021,1814.4223332191693,2709.0102501477295,2606.6876620845096,245.5448832666556,80.07717687991139,13.671776928926892,111.46979960226508,1720.6954276075971
0,07/16/2021,1774.6066830812542,2889.538254572579,2323.518166754796,189.27366606790363,97.41910188880311,30.6149407190877,105.19310644017538,1413.5404565433794
0,07/30/2021,1583.0638221669553,2699.5883505272,2420.62591016509,247.0206107187381,92.2480120017776,27.75169457531211,46.951743029984264,1333.2456931158595
1,08/13/2021,1939.8243889399287,2754.651412701304,3461.998123295615,202.6929172731039,80.3411882789331,38.46418999478996,66.25778431762723,1413.3789459625932
0,08/27/2021,1644.1753176195589,2884.686890053707,3037.9213867038206,152.05890343077553,97.9199789214872,34.86428283956621,95.29163591024206,1905.8567536138353
0,09/10/2021,1628.1654946940696,2793.7930391222862,1604.031259436636,176.52435213245928,89.73501340597767,21.12488250378083,73.29934844505354,1390.2096219349285
1,09/24/2021,2099.220623309967,2672.966982684272,1450.592412356006,220.46107077483703,100.13604704657222,44.7407567709878,75.36186305933592,1328.3470783089294
1,10/08/2021,1686.7498507223675,2213.189213565501,2635.0244283213265,173.81030780944698,86.3964588331459,41.83724138921207,77.62144293220462,1157.2422288121354
1,10/22/2021,1881.9218034553805,2787.423621052303,2518.192460631455,255.58258773796874,98.95010625460571,36.66692145808153,67.4558390805143,1567.361664372388
1,11/05/2021,2005.0585831155236,2572.921507124252,1860.1259119207439,222.01468408573805,108.58835234558576,47.398236372826304,94.38657070266724,1165.5062266006769
1,11/19/2021,1643.4992221532098,2424.33578488368,2395.945415726704,217.75939630059645,89.75803950026022,37.24035330378319,95.58907420985149,1902.9610187409103
1,12/03/2021,2001.5444625858247,3020.295705438786,2593.1195231411657,170.24324311284158,99.61081547622675,48.6825034043644,66.83293004954447,1418.779089331415
1,12/17/2021,1587.8064215395395,2598.562851487235,2335.3131956728084,255.8598374208064,89.81225253542728,23.344936059058135,119.47977688430743,1417.9362638751445
0,12/31/2021,1841.1208326965534,2785.4150248033525,2604.0321671314723,258.74794509724245,97.29773627793804,28.726448737962052,116.8231975302902,1929.8917196659427
0,01/14/2022,1683.2199996833042,2770.1161539012032,1713.3103355383212,241.69351274051115,99.14449922602603,19.208742136157117,77.53478716835338,1994.867908143513
1,01/28/2022,1724.4782703580981,2673.9558208311482,1611.624201054068,180.33360151113288,103.57259643313333,42.308422364300185,75.86887527972439,1590.9348419418639
1,02/11/2022,2119.7771916377183,2920.602798033117,2228.3769614719267,162.00520890446901,92.60129711717,21.82616256496532,118.41119677994101,1505.408509613626
0,02/25/2022,1770.066416531009,2208.2169120391072,2044.9301169660791,224.34566449716644,85.3567281887604,15.229873224393957,108.33855125142135,1838.4576739747133
1,03/11/2022,2148.3558637896285,2878.218163236781,2676.906477485926,206.3186889873823,85.52539938655482,19.872630313528287,49.09434222513278,1307.2348955621933
1,03/25/2022,2074.953811593983,2806.0821181850442,3383.9083110289107,193.26889513376727,85.69493474115788,19.826655673350572,46.931174798075915,1136.0027427131995
1,04/08/2022,1768.2542406665339,3180.5771016517756,1721.9822758141595,221.91931798603014,106.35981984523923,44.23594774825035,113.68118185206102,1699.7006977077544
1,04/22/2022,1706.5481077063437,2220.2804073024545,2854.9797229335254,157.69647765020432,91.14631673676915,35.046077991772066,73.47163816337057,1101.713823549108
1,05/06/2022,1955.327403864128,2827.2980067598205,3424.2916630038394,151.24968501429072,104.93240819479871,41.15236239120169,76.05222246427539,1244.00062245325
0,05/20/2022,1972.0384386644325,2963.576755386063,1586.9853615302864,195.55978119709212,102.65824407921787,27.618608607966433,100.34763710879123,1694.516877788837
1,06/03/2022,2122.0774660226252,2494.841907102188,2014.7978929995725,202.37637694454781,90.08295260971096,49.28673310658917,108.10742510836009,1229.6005075762157
1,06/17/2022,2133.258151054916,2525.1015319658395,2748.456187642415,247.39160702791503,92.68863202772499,30.514933371400417,45.90783443019332,1344.3501216423479
0,07/01/2022,1624.7590343337426,2914.773074307858,2940.4421081374176,199.54292989856043,90.01509459738918,13.261437841070428,48.34551029228052,1743.6649812113696
0,07/15/2022,1810.2507007097909,2383.4366726457274,1764.3697383845838,218.94485941038334,99.45374067742583,27.58843558671836,92.18638990334816,1492.974062687167
0,07/29/2022,1605.7498624240698,2659.9495579279455,2629.5891000409265,192.24878512575742,98.79747031842662,27.932171243012785,69.92452330106721,1725.90661192776
0,08/12/2022,1979.5689671166651,2630.283502998004,2986.201408293505,192.56636510002687,102.03161749342138,32.5136508357338,71.23370064826295,1653.641087904836
0,08/26/2022,1993.489581528978,2552.600119718084,1868.8917082595997,159.06242318141244,85.69866105581532,27.199108703039393,98.43072402957941,1990.717612717986
0,09/09/2022,1801.9799538301859,2261.780322695583,2500.4495471675186,250.79049052045383,96.079579582411,19.799049780609952,43.674380857128504,1138.391887978057
1,09/23/2022,2081.459670980697,2191.7450671905763,1846.273658777704,212.40116366062458,103.59189843896834,16.75670158592638,102.44817004356804,1575.175939091442
1,10/07/2022,1930.579177834653,3102.2957625630333,3047.7077055461095,199.4419129863681,100.05785042176596,49.2755009466166,107.15876750261012,1546.6419555490525
0,10/21/2022,1967.1658582552434,2502.6131639092546,3271.257469578994,234.9689271839429,83.97787597324047,18.8783705227123,72.95191361312207,1795.4284444600016
1,11/04/2022,1760.8635928026422,3025.024288677691,2395.0003177593985,219.2440566373732,108.42328844722665,38.35706215768681,95.15269871171343,1744.7751194548528
1,11/18/2022,1653.066284903865,2217.899189214462,2059.3149532825505,223.59415929856405,97.54521240606314,39.98846355818284,80.45977522099051,1422.285975372974
0,12/02/2022,1684.8159801689294,2110.0059314762816,1819.3520593542848,210.52892541856022,88.11517944583632,20.74332836506894,88.56798057427736,2031.790653072882
1,12/16/2022,1763.8242551275991,2103.0483380609367,2197.812455164005,196.95141527928553,85.94982332751957,43.35651697416037,64.38479330732213,1544.606181466671
1,12/30/2022,1510.1501167346455,2365.0341803569045,1658.1222742657424,199.37018241131995,90.71231515165415,49.43711934451557,129.5506497424239,1338.1205675278843
1,01/13/2023,2107.8125804550787,2201.521095369275,2485.659489611884,244.47603604205972,104.99043620692862,34.60159205602574,83.98873181950192,1185.038426311688
1,01/27/2023,2197.645751101497,2872.9963919501,3037.8178290024025,187.91042384396508,89.13031320103346,19.371263089929506,51.10185860887498,1120.452063463445
1,02/10/2023,1748.3681543219645,2419.748891983287,1508.466036902709,156.5834251830659,100.68133783838319,47.01065443145581,47.63269558822521,1457.334189101697
1,02/24/2023,2117.528427688878,2404.774622579438,2230.837126304,225.99230230445022,101.57070215787125,41.34212591929842,72.47450493469869,1199.9276568307303
0,03/10/2023,1548.8256925292371,3082.2972381918426,1415.0994846063704,257.6751706267186,101.71555247611109,20.949183566992424,51.55787754472319,1816.775108167889
1,03/24/2023,2080.837989796258,3163.6439589998477,3454.1639759428867,156.47241697040218,94.84737616349409,30.059681784431483,40.303810312827935,1625.8830753023103
0,04/07/2023,1820.5360894415355,3173.575779792086,2889.891746065575,249.68659691307772,97.5078639580704,21.097629174831958,50.49346857452167,1851.4840762750937
1,04/21/2023,1510.4107844851194,2957.9362938131926,3483.696527528024,242.17221450168853,85.73752829296262,16.044414937666073,123.44297407104867,1551.6738478417124
0,05/05/2023,1660.9263345561644,2402.496285976945,1718.8532163081913,168.23836623077193,84.99356127426915,20.826616468753155,76.56144569185581,1877.0703515640039
0,05/19/2023,1587.5209255395362,3038.9057657039575,1330.2745267402638,239.15183295023456,104.46206593198647,22.627645796957584,91.52707131090233,1825.7302420813262
0,06/02/2023,1735.1450574575474,3197.3089899214856,2734.419229867445,230.81315345208446,105.25772292266255,30.39260650334857,120.71267581009855,2038.2881397898846
1,06/16/2023,1705.2675972359102,2400.456393919538,3024.1611235804166,208.88972564837664,81.91293473800064,39.181770742274935,123.19167822436476,1728.3486557260112
1,06/30/2023,1963.7075243697975,2820.4026958725344,1810.6014063394864,211.65402494545606,99.71938056226338,46.7580384865305,127.1013033174459,1962.6245133763316
1,07/14/2023,1872.0425201520936,2377.884502801213,2954.828065565448,255.58258275697222,94.95817248061098,35.568284376174795,72.43170226547674,1225.6808857561714
0,07/28/2023,1501.8909417943084,3087.8480657535397,1886.912926978002,229.8313973979967,83.09663202700482,11.110757611407696,116.54376407107821,1845.3150179998063
1,08/11/2023,1616.6302743374515,3045.7023527716556,1871.4975460238034,194.26947007082182,85.61004667419465,47.987251901895455,55.297250508159166,1329.793827897327
0,08/25/2023,1951.4955136505125,3078.4990869245626,2921.314278053043,183.01771488446656,92.08737375138607,30.25329781691628,95.79762262456421,1516.4717884834013
1,09/08/2023,2114.6993538044635,2465.700858638417,3003.748384669414,167.86801089325758,99.83030655253248,16.952925093887792,88.58350333212985,1700.4308950041236
1,09/22/2023,1645.0755452622327,2322.1193845432595,3469.7945106953657,208.15402656174575,80.9190148136317,46.55417421949451,94.07263924201328,1612.8257504552842
0,10/06/2023,1890.6022273670335,2511.2829792359394,2372.146431094213,194.50839257955738,108.54275441198696,25.525655348428277,98.58041210244957,2076.088883444065
1,10/20/2023,1768.7281411930887,2840.09443635129,1605.0741947672,248.57241699324405,83.10507113134913,10.53676325952718,76.7206131714591,2034.9683827002077
1,11/03/2023,2169.894338039405,2444.9994976473004,3112.977171504882,184.24331633170345,106.0253291392355,37.86356489646698,61.56544232387342,1800.4661939472649
1,11/17/2023,2104.270788968273,2612.623943149867,3347.71351529459,252.26367966440546,82.07638758125314,15.61354993621476,109.32154870296782,1942.9298015804798
1,12/01/2023,2040.8313509365025,2227.4746440167223,2671.2891162071355,175.0916941289898,82.56190533095833,48.18668765419382,115.8186149649344,1536.2299503616423
0,12/15/2023,1783.888884959557,2239.982091616268,2090.0853786349303,183.01291078870696,99.80564842125615,17.172481761436185,73.47129222623073,1538.6238462981191
1,12/29/2023,1933.4756953757367,2943.0264189562467,3097.9626618574744,159.58032217952157,107.28216851888318,37.66404484463079,61.90546552972309,1852.1022730164113
1,01/12/2024,2087.6530211419727,2258.4999019243196,2262.3787797109035,196.11281312974552,90.25737621886489,22.697421719856116,51.7024877773818,1736.2230328746784
0,01/26/2024,1850.119849372922,2676.1691067189663,1277.9348191583547,151.9542998964729,82.92611165476725,25.259303816642678,69.5907962672575,1809.9114025999343
0,02/09/2024,1634.6798439571078,2190.368757072275,3173.6723950247224,229.06141446592844,84.42749205190373,22.089421128895733,58.678065932361946,1575.9195713339284
0,02/23/2024,1709.9629815648502,3132.4518948334135,2493.4629521971365,182.63806207038658,96.55512711036292,22.54527298976003,77.18258054915785,1387.5314219117133
0,03/08/2024,1799.05146578119,3035.6772080116125,1528.190637807856,190.10327045711244,91.05260482818598,23.084236240263376,121.91599339524687,1863.603206379309
1,03/22/2024,2137.026528718672,2136.3003752031295,1791.0606167237834,209.68882553236944,93.76971966234984,33.00226854577379,78.41184302597242,1547.0515317353418
1,04/05/2024,1592.2731607953606,2778.95065588677,3418.9140707954334,215.81427048237032,92.21414915470997,47.075638317578154,94.22950324870644,1376.6393314926147
0,04/19/2024,1684.151880770287,2384.240832566956,1622.253684456347,181.26448254351882,109.62383574430484,25.646907866554454,48.168671130627935,1342.1013528231395
1,05/03/2024,2168.824096815485,3140.917544608763,1212.7991618550393,208.77328723273746,89.43002431964607,35.45941483698172,118.66875499273661,1558.4088176978316
1,05/17/2024,2133.1327994462517,2968.626115421769,1259.7694577607958,174.52011990923998,86.14699989878538,17.562632372490494,42.23317456918142,2053.5026464168086
1,05/31/2024,1746.9965075497532,2564.117204988529,2945.1037407125787,222.66520250097113,82.44524314659859,36.99064142953988,59.4670339992401,1906.3040450651815
0,06/14/2024,1818.9640885017077,2202.3230089700705,2175.7620289727047,231.6787766489461,89.39452860317957,29.62708137378793,121.58783483695981,1565.2416175578066
0,06/28/2024,1686.684088441149,3185.777744663702,3101.8115944331803,220.25595846928184,87.36918083983771,34.29282358538045,93.04441051800632,1994.2416104219492
0,07/12/2024,1735.2659573142294,2940.17899775393,2790.3081198328246,204.48280906635176,107.04861290237454,18.89505503209541,107.23301339579426,1470.944414215558
0,07/26/2024,1834.4557858852243,2695.833922153639,1395.0267406268206,180.1008806018823,91.49554528492688,25.86777823372566,106.58167301953175,1687.2313519130685
1,08/09/2024,1979.8120959456444,2131.914879944502,1391.0491198215054,256.22350685100446,86.43830341085061,48.31495699031836,129.9259132590966,1680.0681275889265
1,08/23/2024,2078.7503539945114,2750.6791753770685,3258.1239917726984,187.59633606403344,107.930579425606,29.291385262820103,43.80393848759525,1487.7771673891848
1,09/06/2024,1694.6144514484981,2561.244293817838,3014.681227079671,237.38145117860591,103.45920275266232,37.49680290842042,84.28537419597679,1492.0461990609126
1,09/20/2024,1727.555703029031,3089.4285135999344,1962.6073941844447,178.68721741018425,93.5276756353612,37.63859291741731,82.73811207357099,2083.373839291121
1,10/04/2024,2143.2877549932473,2666.5956028447063,1204.288631327225,186.12738505350524,95.36417851775154,39.35495082131648,110.08432666337363,1301.3822041040346
1,10/18/2024,2090.709605352486,2473.6073798038165,1626.357896567722,252.12217378179832,81.22714878895214,43.26000791166235,71.92482928585315,1116.357487488845
0,11/01/2024,1555.3521975225606,3166.085136442778,1967.3847987664853,240.20996042745483,98.56254376593066,26.27772769210835,105.31256582469429,1516.7937591221337
0,11/15/2024,1722.3066667230041,3118.883514957212,2375.907055341475,245.09610711262633,101.2248807313077,34.110828036565394,95.9543600367223,1971.0690612357462
1,11/29/2024,1836.2598417626416,2334.7831093309364,1797.0646312070996,202.65845682687709,105.83304787106374,35.117503828164224,70.38133030191295,1833.5287633516573
0,12/13/2024,1853.2397899095577,2879.4041073400354,2736.6408850384473,234.48513713566905,101.16225844038473,17.12293436084134,119.36735011800306,1864.7674880136715
0,12/27/2024,1862.5201867422325,2586.5272538502422,2683.688166235763,179.0876859361171,84.2604102996301,15.240704482725036,45.03197828466065,1206.0277434402726
0,01/10/2025,1537.7249401241372,2733.460536249236,2882.43693392784,227.5225931737093,97.56794967297566,18.32639156590681,117.64162889393538,1750.9319380986824
1,01/24/2025,2135.7690499077707,2452.059798258855,1211.092947406263,186.43147164393542,87.1587610183552,14.186614325684124,80.85279441489584,1909.7978898888123
0,02/07/2025,1756.9762116341715,2250.5001300473223,3299.7146402581416,219.05084787042802,105.95008852393764,30.274975686127924,112.70827496103855,1690.3187738835682
0,02/21/2025,1539.7598629593756,2964.3726831942754,2161.197296073052,183.41565575878062,96.02423161385298,32.36528955683683,94.13062981985306,1565.2867069665065
1,03/07/2025,2136.7986684990556,2438.1890686654215,2098.3428640658867,205.87105387433215,84.31760090347608,42.834777313975714,110.35228318541378,1250.0442914925468
0,03/21/2025,1630.5030083388203,2345.2062613031653,1624.0141663588054,198.87803986953463,104.77578553801543,12.140513740572217,49.736762289003345,1116.4890455827665
0,04/04/2025,1543.0009067250005,2662.742320314251,2472.647126257287,227.15015239792174,102.91502718717712,15.788528229487877,44.5357573765289,1435.7765147515051
1,04/18/2025,2135.1508919268517,2532.1279203745594,1743.5121172825188,202.9661527203648,90.14254049705009,47.467097361579185,88.84922223589824,1906.0424641148916
1,05/02/2025,1835.6978418185386,3181.1618503749687,2282.6838177428053,247.1457555327953,96.82965982176648,37.40432175754977,40.670095154299055,1172.0435543361125
1,05/16/2025,2142.074846374795,2172.289593735645,1212.356117501871,235.25426971440908,84.52761389172821,27.716438029106172,81.7674266643687,1490.0648327834697
1,05/30/2025,2102.5874339432767,2938.757931153322,3061.8763549043097,154.3501953166105,95.89879716551333,38.48614359341236,74.42475350262343,2045.5370544053744
0,06/13/2025,1559.9485518276038,2683.9287290315274,2801.0873179920873,216.91628028810442,97.39162253183751,25.875884792727206,84.36549975825343,1175.842535567235
1,06/27/2025,1627.1934195273204,2959.402855808602,2967.442359729829,207.47199365802646,80.88204904741022,44.03831650388996,105.56984595487313,1241.768508536036
0,07/11/2025,1501.033060149832,2217.7050769574057,3014.5273731714105,177.62943455407972,80.34607054877891,19.356413955405934,51.6454793310355,1401.4060627604538
1,07/25/2025,2042.7749808726412,2886.049118863441,2468.119289528867,257.45483007377777,108.07384775705913,38.10865382632948,44.90388589156971,1628.242966006322
0,08/08/2025,1639.1147260034652,2886.7591910213478,2362.4068201228947,219.78078516227995,97.05697752254663,13.062998851402124,112.50526007889206,1400.8221822045498
0,08/22/2025,1949.1090415439253,2909.9747793903816,2010.143449528366,167.14402006029243,109.32816132679379,17.526471566189613,128.33557069537414,1537.087496074307
1,09/05/2025,1902.3491849768964,2964.4619406692686,3120.3441040627504,234.04109375089485,99.56774751846824,44.01763002743565,97.25780359389964,1475.2362591753208
0,09/19/2025,1779.7721317690161,2691.6048663890924,2389.0744998288624,205.6459459145726,109.00177421055669,33.93388525067786,110.83120486666245,1965.2718881507103
1,10/03/2025,1796.5756137863318,3161.34810701993,3459.1016523635362,152.34587298776736,91.08354174382343,43.86652812688864,104.29419322135608,1654.8488031262305
0,10/17/2025,1791.9035654470113,2639.869688419481,1747.4465481596633,220.8746194971983,106.97649800102168,29.87962047091954,104.81694065515003,1938.035715750494
0,10/31/2025,1895.9786233810405,2431.7395951780445,2756.1003978844474,183.1039259346482,94.14398365260647,34.07014867266402,104.66757561496921,2085.7447796143824
1,11/14/2025,1927.30158435022,2227.5084537541547,3408.055932052285,158.7545352063154,86.66046642035853,43.605918593545894,79.09599930034963,1329.2415620193403
1,11/28/2025,1602.0892824224188,2226.6860474167875,3067.3418263787335,235.28300839272688,93.59877928047956,35.7959801904754,105.18300571511142,1760.855282512848
1,12/12/2025,2099.6993796197794,2963.5633380630793,1918.6312931162968,168.50004928645478,101.31888182209444,45.14417783661686,73.06531515896715,1132.6180426111912
1,12/26/2025,1771.7079740955642,3016.762720672997,1397.4972825594007,187.91666718542845,83.3481554930484,42.62575134098781,119.11207355743278,1808.8578554613728
0,01/09/2026,1555.354054341788,2477.146858640256,2811.777946021937,211.44092002593743,94.7733027520909,26.125510430064438,126.56941513524892,1732.6837855897384
0,01/23/2026,1866.2419174378097,2178.71427014314,1874.2674659725874,187.61238542328957,81.3471392342784,26.820974209459457,104.86552367463344,1464.2518867159079
0,02/06/2026,1881.5010157367235,2779.1231782292953,1884.8780200897918,233.9579197759134,103.78637988990828,21.48282106648915,52.96871786824863,1602.7987365438064
1,02/20/2026,2196.137150184788,2471.346568964192,2902.6465741587126,241.4086573809156,108.82277093913683,13.522394660041112,94.1917945132754,1542.0190193239578
0,03/06/2026,1568.7394110202756,2720.8560789618477,2587.3314836709924,214.08393158284326,108.85043076231797,18.814480416741645,93.8354650346951,1655.7652922125008
0,03/20/2026,1687.214003897046,2739.4919768457653,1760.7926659530617,206.38383668071444,95.17101821154573,23.83829176373141,110.85788120131366,1582.8092013843102
1,04/03/2026,1640.002675834442,3038.541747793957,1821.2113314543217,244.324915779959,81.77378593100991,38.41696147288529,99.0563466571702,1423.437733850252
1,04/17/2026,2096.0029731996387,2175.1594983753967,3140.820895509736,212.98861075327346,104.577695466787,27.002962217575288,118.22501944116803,1467.9608286138966
1,05/01/2026,1537.173169084441,2809.79675090326,2653.4131848444235,156.23257718835671,95.02891031332008,42.26859693612469,56.70979280913488,1380.817418197084
0,05/15/2026,1747.5407646935419,2668.0970198577784,2254.630470853525,190.22521345096035,88.5278799363227,34.43276363188721,54.24456249397526,1575.3110584623887
1,05/29/2026,1625.6002493417122,2716.575804941741,2995.566064313667,208.36149442244732,103.43264942692906,46.45325930443897,117.66723307910365,1999.3308686685273
0,06/12/2026,1949.558849759463,2108.0414458409846,1698.213054472585,257.60475272185397,92.39536262596907,28.667067844087985,101.88850294712718,1136.3599298814104
0,06/26/2026,1787.3551558921574,2341.7663288104636,3239.8151132776584,255.75246734585787,93.70847655157839,11.081976352069503,98.3558011375595,1200.9282985964082
1,07/10/2026,2073.0574654184556,3147.7189700422778,2667.367334731669,216.57635706467028,91.54582381645743,24.539919603511997,70.80633277982066,2014.145167763846
0,07/24/2026,1856.6718187357696,2247.262189325223,2777.798357396341,155.8780750443663,83.91699583955211,18.1366227694698,101.07016446409696,1713.5962989053173
0,08/07/2026,1602.846697331894,3054.4191198608005,3315.5537461955573,220.4863406781975,90.02090923513042,12.698618282644333,110.76619610108456,1447.6257640188542
0,08/21/2026,1861.3963931966946,2858.862672889198,2935.517110396324,246.46699434757602,107.69370543412943,15.607064482874073,65.33424915905081,2033.9670569237524
1,09/04/2026,2073.0959345480505,2231.0479082017896,2360.0656640719426,228.32960304729303,81.5570707774869,24.70888443243321,87.1670832968523,2061.3020181635147
1,09/18/2026,2093.6618725875655,2259.3870691649063,2036.3901889571914,169.27445113343197,102.52695261830081,10.149514787385927,109.35678176872338,1252.2081865661628
0,10/02/2026,1657.977474306801,2360.8229916138334,3354.2431284417594,186.19662658002147,94.43853479746386,32.71954902897164,65.64829072496161,1518.1806141623358
0,10/16/2026,1875.7074038859155,2577.117360395333,2422.1133470742807,214.44159522092986,83.56794852950314,25.488310396966906,97.9612017925852,1862.7380636470862
1,10/30/2026,2078.9103291141287,2699.6809709259796,2110.7261594572365,227.7936858085092,106.81307526505128,26.748219150931355,125.19122587858608,1408.6184772285621
0,11/13/2026,1505.4034757245452,2516.015924573296,2746.584373766281,153.29473607350866,94.01619939358169,27.626861056429853,77.05950022753495,2066.9433742610054
0,11/27/2026,1702.2347324923053,2994.218499630506,2426.196322647345,225.2238664816694,98.44943468982004,29.419251984633206,50.128111159575816,1621.526430264955
1,12/11/2026,2031.4070008959684,2664.831119992061,1899.4675677850878,183.48561898915452,80.89430406170132,43.16797430136355,122.19853569693117,1119.6890875415195
1,12/25/2026,1930.501999860729,2938.010372025854,1719.7124312311294,168.37619456928908,105.38164677523275,44.197861170146474,68.01415885516516,1423.3331076333477
1,01/08/2027,1756.543757065168,2874.2101888311454,3180.800498499146,176.37926529387943,83.45355506134463,48.86818205616498,89.22295237990971,2045.3692016162886
0,01/22/2027,1606.8018637569835,2943.8929311575407,1661.7136731502505,180.83254411114137,102.00761537743752,16.42626226022613,91.40523453788121,1381.3236782854128
1,02/05/2027,2016.9550984398575,2112.240801194424,3012.969495887921,235.01666736596923,82.04628344997109,12.575834449791534,127.25302705571896,1687.5439364302724
1,02/19/2027,2186.223928254756,3072.801639814111,1805.782732780242,165.06874508262598,105.02606106288403,37.68411169828881,63.954272701515244,1487.378251776476
1,03/05/2027,1973.2073497160802,2118.459651163731,1794.7451343896037,255.42596404142148,80.31240716303464,16.951131218528097,98.26410708790448,1914.9475575115284
0,03/19/2027,1794.4377708951579,2834.0873657638354,3244.97104527569,221.0722139441535,101.05722494966847,34.76890596627301,102.179044386205,1476.0559009349467
1,04/02/2027,2092.0047310687733,2944.406768938543,1843.9320955266853,230.34249689049648,102.87150432155325,17.90579085088862,100.03692967721375,1246.5383426137896
1,04/16/2027,2096.0601557716554,2268.9441344463353,2255.704745716056,230.46789207385058,109.3996744708216,11.064052467661591,56.371088082328924,1380.2475654717264
1,04/30/2027,2186.4687116326345,2251.8163033497285,2307.933190938361,208.18184259995235,92.72695010735843,48.28210632164333,73.31045619512409,1896.212866549764
1,05/14/2027,2050.3345982273977,2141.602834264929,3093.4926970272127,159.23932145223364,93.17215835146767,36.91531426790728,65.10638981843576,1983.1835017068192
0,05/28/2027,1899.8838264823103,2467.669898328023,2492.0486341392225,211.58457984327958,98.89404639291067,19.41086755267962,106.08268258036006,1368.2533031819667
1,06/11/2027,1871.730542498804,3158.9552757577685,3018.976116005662,204.46740376736628,91.1564745865316,48.250907348745656,62.4234855809577,1759.7738584074737
1,06/25/2027,1948.3444805621616,2429.857124712123,2007.17326305851,176.96641370312886,80.80298900788583,35.83589941252799,101.37341965238375,1172.674216177133
0,07/09/2027,1716.5864927178225,2657.5370867726583,2118.1657259587614,158.79161278430547,93.4443700344462,18.67172837785425,105.53758054558298,1682.0373286452286
0,07/23/2027,1964.8364321642407,2234.0240054224364,2151.491521621181,212.2225284705812,83.3684211292678,18.901714628839215,63.61521937527212,1702.6434379087455
1,08/06/2027,1631.9186017114841,2852.9281203457995,1852.597969425452,151.05087553364191,87.02053263860242,45.190070282186944,84.96212707007794,2099.47515680755
0,08/20/2027,1946.7523188562466,2623.1497593697086,1882.5370238991045,155.5860028774626,88.33993354612105,12.140227999097664,85.0511228831146,1835.5855906040485
1,09/03/2027,2033.4730523266653,2275.7271050592267,1629.3563720599525,152.18821508505684,88.05172820975599,31.32459150840921,120.25741087426024,1356.0148627062624
0,09/17/2027,1716.2934972340126,2757.6134977930296,2415.3227236553757,189.64975688736422,94.292881946907,27.30033681910352,121.38491182956324,1350.9236854663495
0,10/01/2027,1905.9597179761174,2366.3763259404695,2263.737690833321,215.24889301883712,103.18954420848264,12.701158743636686,92.59845139666041,1245.2446970719232
1,10/15/2027,1502.5302597322836,2145.263256688449,1216.2757536138424,236.90776157996748,99.84429920331715,41.39044897704817,100.92316276442088,1208.3617246569545
0,10/29/2027,1883.5283843080013,2301.849475137465,2651.111492896494,203.9820040023644,98.63173728656739,26.908705608572955,79.62415990329954,1463.3133556740224
1,11/12/2027,2039.986045298268,2865.2915395635882,1737.9109663087024,161.69404400365534,84.35602021160521,31.52535269073933,112.15554372068125,1276.4261443688083
0,11/26/2027,1799.7814443684256,2946.242906379137,1970.621937089934,157.16589242906173,102.27860256513222,15.739341609446264,68.68199383267127,1597.011185623201
1,12/10/2027,2071.6013674601163,3130.416101609347,2242.427651388868,214.93053638247363,90.04388865590728,45.12353871089516,68.13451407141747,1221.1247121467366
0,12/24/2027,1860.7120510284487,2457.0933187421033,1504.252576818269,207.59763286710373,106.2357283751094,30.881278815726528,53.08784328632741,1814.8774214114244
1,01/07/2028,1844.8917467909673,2896.069868088965,2105.118595316024,191.11348570466888,107.93727695947337,47.82796661847751,105.81008374800396,1777.2216474789864
1,01/21/2028,2110.0485920306783,2149.3978853771646,1682.1879186917752,152.0579482304997,94.16349250521579,46.24108610096398,98.38932342166643,1249.2538703219566
0,02/04/2028,1759.9004021857656,2392.062925853422,1849.2815127465683,227.31555553155562,88.63478787167267,31.01487730042201,41.53162094905816,1545.1307852404561
0,02/18/2028,1906.3556230098495,2131.1523628187692,2283.2747123423815,204.6378449659926,80.63274302783529,20.340190152805313,62.519941908814374,1515.7160916797766
1,03/03/2028,2152.3245448306075,2505.083655193326,1387.1421375491584,246.11267025739807,108.66704941636371,30.34902993007726,116.1392711194622,1253.3417314572625
0,03/17/2028,1864.915215768573,2700.872193166367,1760.7996736349655,159.73692045375415,85.75830600334818,29.642510605000364,94.45819152199707,1468.8411734033643
0,03/31/2028,1948.5321518382914,2648.2190650564858,2734.0098872464023,210.8941315687136,91.27807541316797,28.48716295188561,95.83304189212157,2024.7059296939947
1,04/14/2028,1985.8723691567754,2216.196160993757,2499.863551028705,213.31591926603784,106.25613007485083,46.680901793302496,88.25211592213513,1527.7722478258556
1,04/28/2028,2122.4170862116584,3085.4438749170995,1292.952501608498,162.69589584867168,89.41044922788076,47.734470465635795,87.9030404803863,1605.3363896620403
1,05/12/2028,2109.9970999787874,2306.0615975195424,1926.5421797295355,216.01719169872626,82.55363890154064,24.180076872802317,76.26101721041663,1473.1453045381434
1,05/26/2028,2186.8031493071985,2947.294054459071,1617.6220474468932,215.71931326229048,97.25613069709644,39.40406936407851,61.077838199265905,2056.0027516598284
0,06/09/2028,1913.4233645961667,2623.13903607213,1989.3265477856698,166.91370322799057,90.4504057971385,21.720144511028554,68.8962267555103,2045.8087351177214
1,06/23/2028,1662.4579806832496,2689.044064913568,2857.1178495979275,258.2538242314316,89.74853903452397,36.95528046780208,126.83806625880035,1909.318833715578
1,07/07/2028,1916.7310566115261,2758.679078551215,2297.9652199287348,161.48455477968443,108.25391367383294,35.082780894415144,76.70338714653923,1947.1690639687731
1,07/21/2028,1719.1751015470852,2417.657826768441,2929.263164522201,189.89957328291166,108.91070753853325,45.0911079469624,85.81155919773352,1101.6322187533647
1,08/04/2028,1557.940209692609,2768.2940647014548,2500.0427965858535,154.66835461349007,98.60337854437408,37.66104233616791,128.7921702643394,1711.8175603607588
1,08/18/2028,2091.4078271801,2308.868885448834,1454.6494479779244,240.10224697504717,87.20707090524732,20.7566251756758,119.09619969114492,1394.1091354901741
0,09/01/2028,1993.3846751688607,2567.310254804144,1518.0567669719421,216.35995283486167,93.23808444155645,28.146882649630363,55.265196160202215,1737.3956111450766
1,09/15/2028,2196.06108162396,2322.992786972839,1532.5109784338924,185.32350852902277,103.86136469299254,26.858461196399084,117.54500952972927,1254.2052217046385
1,09/29/2028,2102.728900453946,2859.092698657122,1569.7970722514624,234.286115352573,91.41525449936923,20.803070493848914,45.93061742664959,1890.2353060586734
0,10/13/2028,1603.7450263628223,2524.631068296022,2743.17852690213,166.37982873818387,104.47568043128295,11.729559304590001,124.9252774559299,1600.8002174885823
1,10/27/2028,2081.0962343648516,3013.42769895306,3349.6460223487343,217.27669150192364,96.77111446420254,33.73268283629049,69.90287625912893,1209.0297630611892
0,11/10/2028,1541.5951575163674,2347.0709783810275,3161.112906800481,163.2723624710146,100.97976246089235,24.45825494509485,108.05187763688794,1697.7774186322995
1,11/24/2028,1584.6756991986063,2425.6145891544766,3320.271208690427,241.1231775568993,94.98124617509465,42.522883879793014,53.678615941193954,1289.2605136046789
0,12/08/2028,1841.3379900706632,3000.0133790914424,2373.051557017606,245.99184633629386,107.01197144335175,13.278612031076381,73.57808376452459,1805.2532735254026
0,12/22/2028,1831.9722528234367,2469.477405959036,3279.7115239425443,158.51361245506044,98.89293415543548,24.690636618687513,96.287937501876,1912.2408749900865
1,01/05/2029,1657.693474512644,2127.740908880242,3013.5960575075314,197.5548564858675,94.58890095420888,49.8715092492204,67.11201281579895,1556.8523398597672
1,01/19/2029,1601.190439614675,2147.8570855313387,2717.287368003304,251.59129664637766,97.3109910446179,49.45032286305551,61.15228982019562,1349.5686601857012
0,02/02/2029,1647.2736293743835,2327.6687496119803,2085.6113420768875,249.00269068271166,99.19613488617105,13.10639026880935,77.35215040699526,1921.9903854160807
1,02/16/2029,2102.011419484577,2738.020489018765,3452.663626551864,230.01491526755177,85.51838636359378,34.196368576085305,90.22542382630569,2001.3395838167467
1,03/02/2029,2135.5932832939575,2560.507175185936,2458.664470012135,151.88072239079182,107.15244588624616,16.665958225705086,48.74328062629522,2095.0295451701954
1,03/16/2029,2100.3939644972625,2453.239580289096,1349.0539502629256,230.60071003641247,86.62260716504238,13.45540371401341,123.47534596416537,2011.4086266703985
1,03/30/2029,1644.1338779300297,2427.0169472444404,1625.4234939511778,180.00061169555835,94.9776482581581,49.93992936689638,80.70564759164769,1883.635408725618
1,04/13/2029,1617.761394847191,2580.19159551003,2158.9110570107196,162.12387796631134,86.35526171307927,46.160036153953406,52.86182911570048,1850.4974096251162
1,04/27/2029,1622.4609069208086,2992.5457210964605,2918.713368457951,221.39517565381166,101.52323828527695,46.547666104616155,78.01752946087676,2081.032743794639
0,05/11/2029,1842.6643640566238,2891.878631687955,1235.5440455786973,195.45984473997774,99.77778389227151,25.149147067566773,72.14200551760632,1625.9655389130044
0,05/25/2029,1904.693661376379,2318.4323117717995,2012.323362388767,172.94453834014007,96.64367712936426,17.337598714899496,127.91844029851488,1390.7281664958198
0,06/08/2029,1793.1663038506622,2305.019350238694,1478.9154569429306,161.09234410606464,85.5842523453318,11.261696772130453,129.7980681557743,1889.3278914646044
1,06/22/2029,1645.2027227082808,2258.84820603103,3107.7203440134977,230.9981827533224,88.24835529540397,49.0686346058944,63.2420189776072,1328.74257839472
1,07/06/2029,2109.468574841925,2141.272004068281,2315.148500040238,183.2026256432684,91.59965200925575,10.720457189621913,42.009461070274185,2030.8010456931565
0,07/20/2029,1601.1502122877055,3173.361662689881,2319.015709383788,246.51432126975868,97.46564597392006,22.93467142646702,46.83950354105721,1676.3518099389821
0,08/03/2029,1913.4362401102992,3026.750852111785,1746.278583501622,254.0327792232189,95.65577592283925,11.175301757568509,47.40967380958211,2020.2409978771798
1,08/17/2029,1776.0409354441902,3100.541484970123,1773.8486312046743,190.67766646025427,85.44945656289455,49.63508801530842,101.18210573532625,1929.3320565935671
0,08/31/2029,1777.1606350045008,3134.487890707008,2749.0275364710014,191.49964792130254,92.5979291585112,24.96755058971925,68.67430491695663,1284.6774462008486
0,09/14/2029,1953.0518486480755,2411.144062796689,2672.4531133888117,201.99960225745025,105.51654089209256,16.062397437054493,89.6855857272246,1846.1086483514766
1,09/28/2029,1687.7013920374952,2689.0682430745505,1582.3719675813477,195.49762879808173,106.03981167672593,46.35827595377689,101.67492300267446,2091.6792962707905
0,10/12/2029,1891.9674768216735,2189.490499948336,2033.4653957208816,173.54056367401955,107.07574812327813,22.96410760541739,72.8132979895386,2076.214226113688
1,10/26/2029,1925.1837192528724,2746.9552442765216,1586.554718974965,224.795263843001,94.00677379076717,43.0587320595126,98.89615278490456,1599.3911780848716
0,11/09/2029,1736.5141716844205,3135.9650643061404,1340.1049626071251,219.35541644140125,98.14552755280889,11.377090692046433,106.93087309950529,1713.8077345385577
0,11/23/2029,1570.8540231929644,2940.8315107731632,1616.191904405222,154.03331933283522,96.97383122845778,17.27081183905403,46.79025972830491,1409.47982449851
1,12/07/2029,1791.3783760689578,2257.4808306603277,1543.562349898736,162.76068166430628,85.29193350923907,36.31682984191991,92.36824990261006,1271.031788455368
1,12/21/2029,2084.4765079831045,2634.396694081182,2586.2709502585994,238.64002867622355,83.20047999692977,10.023080730300528,100.75324069588922,1524.5093244816294
0,01/04/2030,1665.9012558592224,2720.6342197697086,2444.2334881949873,233.01597483286213,109.6561227930249,34.01926491349716,123.84038348614568,1290.1104213437306
0,01/18/2030,1675.5149014274857,3025.2107050302056,2423.01846731038,226.0414251619219,97.84949475679275,18.51973323511709,121.45383547126833,1798.5774516060137
1,02/01/2030,1616.073143538641,2366.4341654952264,3123.656384805525,258.20278610991903,85.41102996794598,11.562593410927033,116.61423380035907,1611.4490196241388
1,02/15/2030,2025.3203186979968,3039.5349697719917,3019.1998057882392,238.69335923212077,104.671867085522,38.95904296297723,109.04891001733468,1406.7263721458016
0,03/01/2030,1687.1189155880347,2794.790219608782,1431.734632488681,152.08729366694976,90.24962329830656,14.09191536761313,110.52205004484807,2014.0861864195638
1,03/15/2030,1754.020026697302,2431.4854992146848,1234.4712551539856,250.1648734666166,86.15948257445812,29.42240269253999,89.75483375289896,1324.7584708280401
1,03/29/2030,1883.1564088909201,2940.41332406091,2599.252554905437,259.49806169831754,91.27053766139223,35.61177740315372,93.27983320900921,1998.7451687981934
1,04/12/2030,2138.652546580318,2235.414518691725,3037.557300911673,167.09077981981028,98.60395512183949,14.061407082363676,61.11356445649351,1667.8201685877812
0,04/26/2030,1569.0393915863501,3061.8615556105988,1259.7798749585293,163.68941340523853,81.51959138228092,34.70408377161886,69.06526521151076,1561.7004879896247
1,05/10/2030,2012.6828819392886,2221.4948256934836,1784.3807174872968,164.2872311480063,93.16823991273851,37.547628766868776,40.64752699868062,1849.309775212972
0,05/24/2030,1863.5368231850007,3046.0336504787165,2584.7567596904564,156.09219000366275,80.25198415346853,20.031692402924996,116.11932800300289,1897.8292297878893
0,06/07/2030,1680.2398164093222,3198.5612043429496,1867.8259758558745,216.86753086385798,90.1707757919254,10.325529104287137,43.662072667201414,1243.1039413929043
1,06/21/2030,2144.9127452398566,3133.7994557238762,2354.571566973922,219.89951794581663,93.22264758431415,36.13854958958538,129.6477432672241,1803.047586865173
1,07/05/2030,1725.5687750031345,2531.998694184119,1269.8960275630138,181.83001437937187,85.32281488565474,45.11019962579222,91.92516947752728,1639.432615843357
0,07/19/2030,1638.1558971302636,3165.7061437924503,2991.4368393966115,153.39550974758475,89.30504465416567,24.957198960121545,75.7849880399306,1126.6195372842792
1,08/02/2030,2026.7625136574475,2662.6981116159927,1566.915674837564,213.89938315898834,108.79895666623989,37.177534368911516,108.77356248882974,1351.0331537299796
1,08/16/2030,2098.3086369521084,2619.727030431657,1588.714994538328,258.243852431194,90.4213554582288,17.950980890253526,106.22696586715367,1955.331564828085
0,08/30/2030,1550.413705575864,3129.536556014135,1337.9560031582264,215.48412129864388,97.75414697501255,22.02223912052269,51.27916090905961,1129.006964305881
1,09/13/2030,1801.9379485824477,3111.054890483705,1941.8737149140256,205.68714202021428,93.81990147741391,43.076831485797136,128.73794391803636,1975.4330229988955
1,09/27/2030,1641.8710641385119,2912.747414558966,2314.1558898948197,227.4161150629754,101.78729230101402,35.57524529780791,48.117223830864475,1960.4995639546582
0,10/11/2030,1611.6163683129723,2895.1478971739125,1463.7223933836212,239.71158553617252,86.36769602036188,30.489655145429964,75.19973076887258,1487.5717112776674
0,10/25/2030,1814.9851028898727,3055.0667308787283,2039.7358164983057,249.45280452892513,94.62156203785415,10.360512852006831,45.31013651922527,1297.4033119249334
1,11/08/2030,1795.0512418385194,3122.414444992074,1704.6939793271686,184.58010898227712,86.89283729993149,35.451294410296484,100.61972569082948,1546.2609830826937
1,11/22/2030,1526.2724517978459,2644.5615193629583,1566.2404182234,189.21603939872907,87.71793319633662,36.76204078012025,112.90721395166993,2062.106324023566
0,12/06/2030,1615.0845633117553,2946.890421418285,2189.044969397839,238.1945273627294,103.73338208658525,10.560019955440278,78.72099693057177,1168.6912274633237
1,12/20/2030,2096.5817885435363,2798.5317404494817,1985.1771138809058,224.40537082049013,89.81816290826588,22.860854026996186,65.96985798522707,1861.7897502586375
1,01/03/2031,2177.0524109828616,2838.8168022917666,2646.368473362809,252.6932768442215,108.61586854568029,44.816696478736844,82.16349596603882,1123.2643364978996
1,01/17/2031,2193.8553219230957,2740.297307572596,2048.030755487358,250.54699350464938,98.6330441658382,14.5441724504711,98.40295096933816,1375.009331078045
0,01/31/2031,1671.5636087376301,2955.850157199822,1552.9215011308258,172.50608992345605,87.56969645893787,30.442354107909836,102.06368585967145,1180.021847168475
0,02/14/2031,1877.240053732146,2275.2493831498487,2262.5081060926655,199.35353235425356,91.95794222461465,12.722370146823788,62.96036451687236,1763.0316520606539
0,02/28/2031,1981.0209389361316,2287.7596000858757,1630.795737481795,199.965870150138,88.30347465983064,13.403616809789408,125.58850701013137,1966.1403255968103
0,03/14/2031,1719.6533377990893,2799.9400634819694,1960.326928136305,215.83549083114315,100.61765518214679,29.799072780088444,94.19500100904827,1236.6894144510404
1,03/28/2031,2138.795544713738,2637.5612491206866,1474.2697563255927,236.84833231622747,106.19040464124103,49.5618194805421,67.36131777432496,1881.5651311734678
0,04/11/2031,1994.8411816998791,3132.534142560574,2702.6095967176307,238.05916056790977,84.81774446087277,21.827519601212767,60.81893843143686,1165.417418227852
1,04/25/2031,1686.9798608782808,3009.686398454604,3288.923909155393,195.42388123133966,85.51061633702028,48.16834162332754,112.0064363187549,1923.907500642018
0,05/09/2031,1577.278177262974,2497.5940337977045,1770.8999639798024,158.40390411402734,96.88929888656067,25.99699899500535,108.62337297576869,1666.886492079786
1,05/23/2031,2099.0679947918197,2131.8233158798034,1359.1232203013024,214.49728233104628,105.73306676678018,23.16779396319503,89.42652843815678,2073.1297725807394
0,06/06/2031,1535.3961855434222,2700.507194579117,2611.7997440308613,237.14061864658194,86.74749399653219,15.557614542921998,117.10562945833676,1453.6768494752496
0,06/20/2031,1888.3009126180382,2736.408975468445,1729.1118798546145,235.905195728649,105.91330414762402,33.989967769223696,54.96188025362622,1400.0587645209796
0,07/04/2031,1780.2877914800213,2441.1465117527687,1854.3971957295364,241.45944042652485,94.56354947901819,22.94184544923054,128.24095443206468,2088.624225382135
1,07/18/2031,1912.2767793940552,2157.15172691254,2995.99783421359,188.37248493871027,86.28790714885483,42.84083284479375,101.48071205181469,1451.6653398709436
1,08/01/2031,2013.3300716560534,2406.149547067072,3348.482592555857,159.21334054513812,83.53859985426423,11.076080339663502,62.85319091177472,1557.0366397046948
1,08/15/2031,1995.8409190477978,2771.267640659929,1221.549059288128,205.25014613306416,82.30699809637318,44.01437196642058,63.433124746377146,1654.0542551459096
0,08/29/2031,1532.5331382608224,2508.1837979035026,2856.125404210043,220.91830488794568,96.05971480612833,22.583079494926444,122.13673814735736,1949.5712828597284
0,09/12/2031,1805.821016293253,2852.078181994886,1351.3281603959158,171.20930733600053,85.90845633694296,30.33634953376405,117.94151876538325,1731.8977574277424
1,09/26/2031,2069.526597262747,2732.669054940343,2995.3554006150716,152.8734619652608,98.35167777237321,43.19607739208735,98.82501384982619,1470.046768543565
1,10/10/2031,2092.2941824928057,2218.5312971418475,1807.2762477437707,216.5897508221752,101.737155541533,40.89786322880219,78.704691972174,1515.8588162790857
1,10/24/2031,2193.21973962208,2623.951763050399,2239.4044194362486,251.15043655519776,98.37562069769976,12.616570304256287,93.64656826857919,1538.3048462667286
1,11/07/2031,2051.681033257808,2560.0328104443397,3044.9467000586264,174.10525876741914,88.7267101436732,28.97314774268304,107.52902856737451,1891.72908359032
1,11/21/2031,2171.9486250128157,2916.6939792235853,3363.556268768747,162.37486071302172,104.19360848333365,32.99367368021009,91.58114319128349,1254.043131285342
0,12/05/2031,1952.7242847473763,2446.88130338309,1699.0068667672463,183.97732745633627,99.56304920451129,22.924484647419515,58.50124600958734,1180.1947088271845
0,12/19/2031,1851.3747578063942,2214.734330283254,2966.06505803963,207.56492651849487,82.47491312030313,30.183744186293904,52.127394139888054,1224.5368210461406
1,01/02/2032,1762.0954932135205,2754.7496764946063,3393.347803904465,164.57199146555476,105.62027883331012,47.61100807575321,58.76802241615502,1864.5519035475904
1,01/16/2032,2081.0158251348366,2685.5260692298525,1205.9686280854075,213.0153159976015,105.30653229166981,43.767615138881126,74.10700209275221,1713.7051886789823
0,01/30/2032,1830.7918805250501,2961.079885075014,3201.6568278212744,156.09242395949798,84.3203667995777,32.011670602638326,66.98436971940285,1443.5938050680659
0,02/13/2032,1653.5543422862988,2929.12680740812,1242.0042489048617,185.04802207603802,80.32134325281137,33.80841679084604,96.00582239732282,1660.7784964859052
0,02/27/2032,1697.6169789472315,2306.8580284927953,2893.9199589040045,223.8349321731257,86.89240217720769,11.395232202416512,74.35949303975539,1317.26105679817
0,03/12/2032,1566.9979217164612,2935.124612729691,1654.8911382149001,187.16440219322527,107.64522216041294,33.17147251754116,73.78721217750712,1368.9406527402484
1,03/26/2032,1523.125326226318,3100.1860993025034,2178.05034375508,180.8548110892319,106.76645292576063,40.427336620939094,76.20677178901558,1426.6901567738612
0,04/09/2032,1785.0364590969152,2994.566407276182,1392.3233864534268,161.70155183919405,107.24487014789739,11.761408432698124,52.51988653348571,1686.9113811138077
1,04/23/2032,2128.926707436454,2586.289864982439,3354.970506428607,197.291143794826,84.92597722570045,13.21524714704962,42.556398269465035,2064.7174781819886
1,05/07/2032,2150.2640557727227,2775.1872583598483,2311.376516008495,154.93717342534717,108.27099738867997,33.65580243404031,79.38144382215938,1941.9106732545972
0,05/21/2032,1639.4018949987105,2504.560169262064,1638.5985052997917,203.51698387007946,98.67804022184114,34.298863892933625,114.88512878550473,1592.3190716716294
0,06/04/2032,1828.8753988936703,2136.7832653203095,1986.679980745097,190.8910282827564,93.86435929770514,25.867178533282626,50.47692990452745,1213.89207705208
0,06/18/2032,1681.4519375327634,2563.8069720960643,3086.167496487542,171.86159880940005,81.42742526175812,11.52668185589572,49.01925111289558,1810.411647796473
0,07/02/2032,1605.7392443235826,2284.9200972341882,2083.4651116455775,239.5684381431007,87.34634658220496,20.754386886536174,113.76983730341843,1179.2460720417798
1,07/16/2032,1731.2503499984712,2156.1528678359155,2763.3999997467704,161.4207848419803,91.49162792220295,49.08466213046936,109.09804615427126,1585.7622557094849
0,07/30/2032,1902.8808978161007,2346.792441401407,1768.7084847957458,205.4856540736797,84.97117415455463,21.12692544663743,55.64321773442168,1678.601950078958
1,08/13/2032,2095.2792999574594,3073.0618169524673,2542.5768096442903,234.48210022799367,85.25707991017372,45.66723311191622,126.8720378962128,1988.3677211409079
1,08/27/2032,1678.009923493465,2246.71747952475,3433.400971733201,229.03108972067523,89.8068818762156,45.86318572962088,75.61052929474694,2037.381532064804
0,09/10/2032,1989.8379157482461,2962.71147214778,2656.7704151222915,170.24240396355256,109.96127344716146,11.365215956228347,69.15740100686666,2080.9179378299714
1,09/24/2032,1782.6121510387507,2928.814006388153,2914.5302236886628,203.80063445414925,101.48034356897416,37.278134747248295,57.192521995571525,1706.0547399600212
0,10/08/2032,1603.0606010132187,2189.462067491531,2230.473388827433,163.13488369909237,88.83495068438249,20.54608488045282,82.51321260024315,1989.0691300917324
0,10/22/2032,1893.5518152489994,2448.1577670167853,3025.291276128911,237.33697008429147,81.0306435009643,22.311977361328196,88.44388916208038,2089.0248199122225
0,11/05/2032,1655.6783096759705,3174.911414549106,3065.04371287522,198.93484042329365,106.7835132340646,25.68817674809958,115.35755935880975,1309.8713406658997
1,11/19/2032,1983.0229637778168,2590.7525466196353,2072.670810382741,247.5553937701083,83.67178315053624,39.694946654089705,113.99222953853368,1353.902327324678
1,12/03/2032,1570.5517840157283,2721.4137936364523,2851.0492485886953,250.94306286269318,87.03353639286948,48.95777331534916,73.74510516476684,2078.6596015546043
1,12/17/2032,1542.8285548216618,2102.599488617718,2719.638719096509,240.10757975378402,106.31449553406897,39.006007037110756,79.8827740704585,2053.5396241630574
0,12/31/2032,1588.2944834708312,2720.9249948515676,2837.3452289237566,154.46882175613231,106.61141301316897,22.281181990892584,89.97097196768988,1758.0901264780266
0,01/14/2033,1650.1507269536537,2896.9538560922933,2399.0787069082053,222.2538417673711,90.95077871381412,24.345908958060956,53.97491036362398,1227.494979860552
0,01/28/2033,1611.000056891897,2581.669641186413,2163.7102602868513,188.93176492026055,99.65411872802908,18.43606394107254,54.356395502900725,2036.6265789903687
1,02/11/2033,2027.0987379085532,2671.740527814589,3082.7760975240544,171.1343152292758,92.13810776356127,42.663064562659564,93.45395021417468,1480.5960207666806
0,02/25/2033,1586.2493418852107,2644.7157656050795,3427.408102086622,225.46524162542514,97.98638305555606,16.842513250320543,41.75643549276704,1134.715339172824
1,03/11/2033,1985.8353758718397,2831.521946585631,3010.8606525170317,246.33339979841054,91.40224408098341,49.21181944277498,112.66244786889959,1585.5345642514044
1,03/25/2033,2145.3281324761774,2611.000904123154,2581.566496240015,161.30346281516736,85.49967411364484,38.573412106861355,101.29595190796351,1400.913122369002
0,04/08/2033,1976.4745542851283,2146.0959993572014,2374.883686780149,225.33090056255077,91.03687777000354,29.284251525265535,51.37416853217508,1487.2458815982222
0,04/22/2033,1607.943466628248,2248.6308851572157,2629.071543530319,152.7062452382006,94.83539851255675,11.867238566548345,41.686661527458014,1368.517527513292
1,05/06/2033,1967.5650702295252,3002.253681357748,2876.411100641185,252.11383105023145,99.90080412035483,41.10488884116141,106.34373470029578,2006.9607023738881
0,05/20/2033,1858.557103087695,2703.2382730487325,3125.257236994307,205.22456579089257,80.3697701629599,15.460950691745424,78.40450549186264,2068.8898013285325
0,06/03/2033,1833.039228121185,2248.7055584359705,2272.4928071653294,171.14990170889445,91.69423110770086,14.399762453344916,44.74985994170014,1970.1333664246195
1,06/17/2033,1551.1461044504947,2259.3067590867818,3221.5439672948846,203.978938599391,104.29123214359362,35.82268007660157,91.91062538409781,1814.8542751295265
1,07/01/2033,1957.4785207667392,3199.2373580248573,2987.248760391819,223.14125651814504,81.80017374676422,47.20931752224006,98.07465347983718,1704.7941796708838
0,07/15/2033,1591.7533538057153,2617.093566394039,1544.4188920880333,240.86557714895787,99.11752993918911,10.818900638414814,95.39158569838678,2063.9123973314654
1,07/29/2033,1837.0634195483935,2546.8110667035075,1890.8508110891848,208.99552467227926,102.64960100660899,42.00753128832629,69.35061731522039,1966.7494996279286
1,08/12/2033,1996.7463213026329,2139.8782465898717,1488.311214840714,258.1360092608177,107.64441008070574,37.00559944314659,48.48086924070772,1549.764872996821
1,08/26/2033,1715.2213302149987,2443.4437039309146,2004.616185372563,169.00707381158537,89.18043250276244,49.17865148374317,47.57749723307238,1213.4932044299521
1,09/09/2033,1808.8986106843977,2533.806920798917,3039.9368564501337,189.46983237630127,90.96581308885844,43.55379256042136,101.88016786910251,1988.0743287322457
1,09/23/2033,2069.16637481884,2170.898237915952,3316.4653811313415,257.072385250015,80.78861596660377,19.69757030160974,115.0805058483682,2008.3527158919253
1,10/07/2033,1843.125334832112,2733.3404151210743,2614.9934004097017,184.39995571396219,90.77778392670076,39.311853330039845,74.3342547836055,1165.8708518716342
1,10/21/2033,2124.9266608400376,2445.1124850096303,3415.249623406298,201.61749731982817,96.3436278687033,23.52127662304963,96.0032530876183,1158.6238343208868
1,11/04/2033,2055.415945409607,3026.573128724231,2260.916938117774,204.46016611466996,104.00177029892235,37.73449721252402,109.22127691792622,1312.9201051875052
1,11/18/2033,2199.255147411028,2787.7541507529854,1701.8271128047256,220.7739436053191,82.50538080974268,19.104977671650644,73.19363346316979,1136.0122315686815
1,12/02/2033,1559.3212424002547,3156.6922270370187,1618.6202380860773,163.1284303910204,89.0672921912232,36.21820500980984,115.21445002413839,1960.8869349480392
0,12/16/2033,1793.0856626463528,2324.3875966702044,1395.0307690658776,225.86067547794235,100.47505539180489,25.68391029960331,91.13544627501555,1629.1225203936146
0,12/30/2033,1988.4168521997929,3071.478979343708,1909.5579958230742,183.7906961005312,87.15785292023703,12.178003413051908,87.99080951478481,1369.592975080168
1,01/13/2034,2197.0721325956956,2673.2473489589843,2325.359762275472,205.6079232755556,84.19261381231567,18.648754650583502,126.28319092782837,1379.4538678032031
1,01/27/2034,2039.5974108848416,2510.191455613385,1865.4892811266054,195.6359543968572,109.07666000624002,16.447374924743503,103.29469367646504,1288.112002079893
1,02/10/2034,2035.4446868057366,3133.8073110403593,2564.9060177438087,248.83683412070508,105.76596716105419,23.50836573985003,105.7270413424761,1466.9346884299862
1,02/24/2034,1974.0526381558332,3111.6074343761693,1711.2833010392608,229.65950898304538,100.5744350071619,49.551480699041974,102.97852689606279,1620.0741687927793
1,03/10/2034,1682.7956846818743,2143.2428073580345,1832.9200848611733,191.41768499514333,99.94805758385874,39.392755654886685,50.15475821066559,1823.996613547384
0,03/24/2034,1822.379187718893,2955.5005330115005,3433.214216754513,218.54722143915285,100.51790649078643,14.422113693504382,109.20989591326492,1122.170190372614
0,04/07/2034,1797.0530641119055,2906.8149667404905,1630.891790134714,199.97673768096288,94.78321992392016,15.30674646437772,77.82180424935105,1921.74140182488
1,04/21/2034,2123.1143280937354,2587.5218985773504,2551.2746706210833,195.91841471615402,106.23348022944148,36.16637110981652,94.6235593470511,1466.0537490120946
1,05/05/2034,1678.3337778425716,2406.668435591681,2988.626203806864,255.92775182262523,87.27192889528888,20.26470541803759,86.0924106729539,1341.5053322994224
1,05/19/2034,1740.9024993002,2823.37908934157,2436.178858595372,248.90755904304694,105.54210067146089,42.69785275310036,113.5074492217566,1347.4096227811906
1,06/02/2034,1591.5196703254976,2185.8143190336727,2808.6001697174343,174.10784668404534,99.4575987106351,44.638199593188205,94.01331691156216,1480.2230308828518
0,06/16/2034,1819.8814187756498,2756.923931737851,2245.4876533121196,227.02746636270984,90.47313366946908,20.8466702817214,76.95152614618539,1559.4069519606628
0,06/30/2034,1731.1750013863402,2269.3655825762894,2659.635919692175,217.71092817332257,98.36045669186778,27.449544848774586,45.77282897835004,1104.2293936789815
0,07/14/2034,1602.60668191241,2403.1284841138377,1418.499253578373,194.9096957171675,83.13229539004968,24.187202259063177,103.40240688643581,2005.2336048502104
0,07/28/2034,1662.6467139328415,3091.3323334143333,3426.3446521013566,161.26222174693686,91.61343543574178,11.008204894723148,54.906592974140366,1128.0052926941632
0,08/11/2034,1666.4308436994738,2494.753466123896,1588.4327666971308,172.82069597115634,94.5871809520174,17.734206185192797,97.07141628211154,1482.3527420054918
0,08/25/2034,1613.0376336260938,2228.6012373957074,3420.42441646741,224.0259553978202,96.18386561233837,18.039650436125534,60.74393749802556,1341.5639042142118
1,09/08/2034,1550.4830502775035,2642.8524611754,3068.169487650529,168.90525854934438,87.36226255155886,49.33222009757249,109.44429969015604,1827.1376969566368
1,09/22/2034,1511.2642902285206,2683.8773424416695,1542.1857867108101,176.65752383321814,102.97679745800058,45.53564223290223,114.69926393446686,1822.952937094309
1,10/06/2034,2149.486054774342,2763.9335218718943,2530.5265652335565,205.73530199061705,91.01457364973155,35.33579689364936,108.45093287480996,1521.387310193099
1,10/20/2034,1814.63140423674,2112.874899636116,2869.0481729989024,207.6604388712484,88.76798087257531,48.94653529976515,92.8428223238165,1723.9671462320887
1,11/03/2034,1964.8697183665877,2449.5840387098337,2979.6851814697307,185.2125515288826,99.78167865608549,45.73607503032303,70.66699808918293,1651.3527509052024
1,11/17/2034,1656.4609399336487,2513.2502056131802,3156.042932102161,157.07536351650265,107.61160957695239,47.28162369895219,111.42308021885601,2077.2127239329207
1,12/01/2034,2186.1780896258088,2429.5385906096694,2482.7078207280038,154.01926797041986,91.17892747920014,37.730984289424285,62.53830107145807,1236.6213248110996
1,12/15/2034,2024.2220588115142,2646.5872299561056,2007.393653367725,190.1182114425245,81.71361595386546,14.636706177518581,63.76913771055417,1701.8771505407492
0,12/29/2034,1729.5959042368684,2321.8321035562585,2708.8858537775423,237.40505147153982,105.52457795114441,14.049658604131547,63.78872555437849,1843.9769332364083
1,01/12/2035,2163.6124310911096,2841.394299187949,2251.9513913247238,185.81769433556775,92.28532066707703,46.12568356554657,74.57313627602628,1245.0592275253507
1,01/26/2035,2019.5412548123613,2163.156015800928,2433.549844219246,223.3834758396742,87.04653404482627,17.627936857007093,124.44954851552416,1959.538387835795
0,02/09/2035,1592.315283567621,2921.7168704274895,1947.9080989061717,157.16386019606946,80.92198767857066,32.813352244268,74.14954789195004,1672.584984669019
1,02/23/2035,1968.2418318495656,2410.4724364362996,3041.574264680474,221.3450784363,104.71061640432157,47.85692140577075,70.33688157313651,1900.7022283427502
1,03/09/2035,2014.2919734111072,2722.8994037418793,2504.9479849666363,168.60797192317935,92.74569264531601,13.912156534531096,106.79066323383108,1380.1742271890755
0,03/23/2035,1971.1607138943427,2852.515787260268,1401.5592705089916,166.42725596898097,98.60367586810135,11.89757188053322,58.31992265855956,1499.1684076374243
0,04/06/2035,1753.1404247474593,2772.069950669709,3039.1505183439394,259.6587619472055,100.65095494548719,32.542560337687554,74.68999377027609,1873.560143929298
1,04/20/2035,1990.2341628571196,2713.600727099448,2842.322414524674,172.70612796131965,85.1323613851415,47.26910157870639,116.79822104532519,1262.1519081443566
0,05/04/2035,1835.3571269361678,2199.0536061775915,2438.4343668864813,151.0198809438695,105.04126920557091,19.468868501919086,97.43037935097334,2000.8325961459288
0,05/18/2035,1583.5386384186775,2363.009248537515,1391.990607641613,200.22231226457626,94.39202473922744,20.429601986484187,110.02372368696611,2028.4380677074782
1,06/01/2035,2164.859074582072,2609.816681253945,2415.723383787159,215.8842718858918,85.38780948812705,30.436441965220972,81.42854624031756,1369.4777540263167
1,06/15/2035,2045.6329545322124,2355.7479720571955,2207.518218645275,194.00938811994453,103.98096395998944,16.056226749062713,56.22457216771821,1299.5003155759894
1,06/29/2035,2052.0378361639573,3125.067931221781,1903.1335693084632,232.9872515800225,90.31733831172346,40.26749147146032,68.7538243012835,1916.9098453661154
0,07/13/2035,1547.7963095039854,2792.304636519679,2562.077736932197,246.39522013082703,100.2820704867392,10.212673410514551,108.87341579664657,1184.1427778770926
0,07/27/2035,1677.7585819098304,3047.209991933067,2043.6877951508184,193.31858666513904,102.33893001599827,14.221171102919655,84.43856341069362,1715.6459166559166
1,08/10/2035,1957.1173816466662,3003.5274893584874,3021.940369563324,158.24163687074739,80.76843041917054,45.03336991501043,98.49037337008524,1398.0804150713284
1,08/24/2035,1906.7386982109272,3056.916638948575,1701.5655946512313,206.41255000075336,91.47545946133803,36.84263684303252,40.974636535915714,1680.5571461830864
0,09/07/2035,1950.5984900347373,2535.143361955518,2591.3761642957884,236.42700001318127,98.44238456994108,33.37130923828101,119.03695109479835,1134.6153425813368
1,09/21/2035,1644.7177190958682,2817.229080806017,1919.6264786162778,189.900478724349,82.69508801358947,45.67566353935666,53.45146172656305,1950.8927172432077
1,10/05/2035,2195.5554701490446,2630.2761033322513,1661.3051069523121,249.71684825205602,85.03714327388863,23.937033114981446,51.104732293458554,1774.5336073748367
0,10/19/2035,1811.2095254789235,2943.2812035509746,1298.3141453658445,243.73964389289836,100.66564669724926,13.714245595069713,84.55323744440207,1439.160016879136
1,11/02/2035,2166.8104164059114,2492.762476168246,3093.4981863068956,231.70205100357464,98.66656600266474,22.440101621680203,43.88110731874753,1654.4258699893046
1,11/16/2035,1670.8592016870396,3147.683424546274,3022.3533062751885,172.53303867016143,91.47074143233533,45.44699497855754,121.11337926909522,1362.7870522565206
0,11/30/2035,1983.6847736333382,2564.625858270197,2372.138588315938,156.9258610540067,80.8078376719914,24.85757801542558,87.26996550927976,1855.3416809302807
1,12/14/2035,2130.0822001372035,3156.178888553917,3265.6674359674357,242.71646848101085,82.44836390245366,32.27180312647073,82.65126488995392,1720.6435818015539
0,12/28/2035,1627.3007561376307,2267.0482467838756,2566.875432909749,244.3527472198814,91.86855514961223,26.78273327252994,100.62920480902244,1418.30049921409
1,01/11/2036,1503.7627369460606,2259.7976694314075,1965.5095343386615,222.0630656927447,94.19651550628197,37.66369837364847,79.76743737502397,1916.1439915285491
1,01/25/2036,1899.2778608062101,2606.017206804073,1204.363428618015,185.4697477222698,109.88931419906802,48.05951393760215,116.00091741158496,1779.1569060192978
0,02/08/2036,1520.8029902449755,3141.7055146108205,3377.7810818045828,174.34471440344257,90.92957991259472,23.137460963932245,84.98029011115861,1641.3931116953934
1,02/22/2036,1950.5772674399664,2966.7397414032007,2988.460217722067,173.71999593536273,108.06474272758538,36.631579102880266,96.46182530380017,1588.9995199634232
1,03/07/2036,1589.8310675096077,2764.8167588787555,1527.9812500797375,206.8872948127383,99.17961910662822,39.64667795618048,111.0797723997067,1417.297233970853
0,03/21/2036,1519.0471485703224,2262.9338581692846,2969.9007603121663,231.65026730840964,107.27314971308944,15.64434877653932,45.950299816067805,1446.4507926170154
1,04/04/2036,2119.3942579999807,2749.753864134829,1912.984669310196,250.68790296387039,93.07573387564821,24.06206076198865,118.5152800151951,1298.3418407868958
0,04/18/2036,1834.3724336514715,2672.5960716721515,1530.1660979690114,199.53244578414714,103.99349647515356,24.983949976744604,44.29633756027645,2007.004982172201
1,05/02/2036,2129.0957291479885,2350.1715388349426,2688.197262723046,208.570230733199,94.7499117154541,37.578372693459,83.30313123089466,1377.8433073191654
1,05/16/2036,1967.8022940042915,3199.3189476398047,2370.020883253276,208.3977330269858,81.96399727987554,45.35669226161756,85.75352245582424,1861.4491937182602
1,05/30/2036,1900.5867039471468,3031.059978495943,1456.705095053982,166.7580824487512,86.3837981102924,37.763125894937914,113.13518441330778,1175.676247168732
0,06/13/2036,1811.8407636908357,3130.3821427263856,3498.0059882043915,227.94098493196648,80.18496009068531,24.232988828245254,81.15284377730106,1914.1915342619932
1,06/27/2036,2015.6538164335363,2737.8448355161704,1328.1995386759465,151.46393843534696,84.84831192515243,44.14717162747066,69.98641062179938,2086.639621474863
1,07/11/2036,2007.935992900759,3160.7338267250843,2119.497484385396,183.41643876584783,92.36363466275016,25.20993320673206,48.317840051298994,1114.06767454254
0,07/25/2036,1616.4334267368342,2645.533627491537,2595.0226480037645,161.4355554439414,105.0839749182711,21.732566622532058,91.56612323191425,1868.0027479260543
1,08/08/2036,2148.544629930524,2305.990384466947,1775.5010663141327,223.00420000078987,86.8673661974603,46.671322228138415,94.92574490833329,1876.6910743940357
0,08/22/2036,1624.7105569740556,3189.9534706882755,3313.459779927192,194.51010360812597,88.09301082309234,20.264664718027447,74.84516496445347,1171.426267481472
0,09/05/2036,1646.0295491501183,3005.531565797817,1303.2604083802448,203.8158726202081,98.10386963821666,10.241966666089501,77.05826372880838,1635.653806669356
0,09/19/2036,1894.330905325365,2721.472735787648,1532.8914592786941,238.33697528523356,86.85084926104352,25.33498862373336,107.61866449897647,1250.846935644692
1,10/03/2036,2175.7665253524974,2281.9078437732965,2601.425544361173,238.76852954263543,81.53827093519419,46.137779190499415,43.82075849234724,1425.0784090706118
1,10/17/2036,1657.0818033281403,2697.7800791640548,3346.674308042615,181.59220640727995,105.31779052328844,39.757298151739725,65.943532751256,1402.4867580648277
1,10/31/2036,2082.9407060658777,3041.5739245934406,2782.1259937999857,169.44052658920447,82.07958073183995,14.402519576807759,101.27453767071106,1894.6861211488333
0,11/14/2036,1550.6240450073465,2497.8103081481772,1465.7256836691558,211.82752261561706,97.67997329174725,31.27669225066141,89.09835347001447,1738.7504126812826
1,11/28/2036,1681.9505647515764,2526.5437652373466,2088.0169272707376,237.42928130673658,104.47099468581217,46.662000960524665,61.46245756863247,1666.7461734416322
0,12/12/2036,1519.7148963406992,2749.9902613098084,2395.553679042622,207.00483392467933,96.85903902426362,21.622700271242323,43.42304430503752,1128.3344134553915
0,12/26/2036,1571.9337538655045,2195.13154809484,2030.6333878781047,167.91866226430784,88.48272655979551,27.108430288617257,109.96071632107238,1120.301304991197
1,01/09/2037,1776.6315187768969,2690.257230892016,2365.8511845172025,197.15561200114672,92.30882734422082,41.7966216798635,66.0764180856136,1955.3461339065443
1,01/23/2037,2131.415026837526,2211.082105822922,3099.0786889715396,183.1267697499137,108.52348425589534,44.26154702981194,113.86523571540364,1191.7636030408285
1,02/06/2037,1884.6218701998787,3057.5632209757755,2125.7874368636512,179.3447474446303,93.9594531833637,45.94910735664039,105.41817896391923,2023.3067720137615
1,02/20/2037,2004.8365480207697,2373.9791774567634,2632.639666489145,225.96834980472948,105.40705045726995,28.26179771561793,110.36828417547922,1297.6673498298437
0,03/06/2037,1501.5127256153419,2976.8195723727404,2170.2004784798855,213.99071312291656,92.52157173231285,34.2925187700256,122.33004862684056,1158.4102728245884
0,03/20/2037,1628.7935105158567,2852.257197023598,3481.786491117247,235.50287099122272,85.91827537310675,16.581447680283226,109.54295857731564,1218.464578319244
0,04/03/2037,1726.9546077194698,2864.052631397639,1344.1659444053446,207.33366474276755,98.01217731440684,22.301572249820637,73.95074187151367,1748.500480909756
0,04/17/2037,1824.9030412631037,2760.205652837579,1405.0227761740807,244.60118354032664,105.79894250407193,33.956105768742674,51.97980878755881,1674.0022855242091
0,05/01/2037,1788.2593318750098,2862.205667543298,3308.564017312079,150.46460828218642,86.11952436522236,26.544351911666464,80.97211873076682,1551.1141558808158
0,05/15/2037,1918.5953617752982,3171.304961478754,2491.278772810365,239.4188559400372,106.99363336609352,34.35170744600044,92.6512812468695,1213.5533016869924
1,05/29/2037,2064.345346665266,2720.7302483248905,2693.0309137804393,166.21445649546894,105.76573029538605,19.17953669875473,65.4149368752582,1973.5553606594442
0,06/12/2037,1942.24090534246,2806.1487621078018,2340.7917731192965,168.66758680215082,98.91465817525554,17.574191556390662,95.93963592688166,1531.2706228418542
0,06/26/2037,1734.5472153539333,2395.449060982952,2501.1458352217405,212.18827137085495,87.03306166341223,23.736133420561213,77.683125609025,1470.6356933025963
1,07/10/2037,1839.0855016470862,2758.455098304278,2333.0056866543964,230.888286642732,91.69083737857758,36.632508758919364,61.923127333825406,1520.574263432422
1,07/24/2037,2172.3125698522163,2841.3980762507504,2440.435785896152,237.6920331101101,108.07418529418928,49.88850425107485,112.26801699448173,1882.8312300305504
0,08/07/2037,1801.0511728421563,2394.375486920192,2374.248189320892,244.4208931998996,91.12556361689369,12.61366852935355,61.37656559555404,1299.8442147906205
0,08/21/2037,1581.406430408442,2193.075066746701,2067.9075430970706,154.30140890203268,93.99776806656908,30.17799207558385,111.05308158049662,1379.1672776111807
1,09/04/2037,1938.80768254958,2559.1932255622846,2821.7440318377103,220.40166500556865,90.4351944421231,36.62404862980955,121.36568520441828,1796.8381007147161
1,09/18/2037,2136.4532961480872,2334.356909676844,3323.388956644476,206.12005196387608,96.1877073167961,11.1307330233765,108.50155399109336,1528.7899335915467
1,10/02/2037,1541.5417834070313,3014.9166840358093,2677.505063412077,189.23209321230067,93.8162363321999,46.89965463238933,41.91618307939783,1854.890851031632
1,10/16/2037,1927.6164089342549,3060.817170341852,1419.8275498729872,159.46473641896733,102.44303823647813,47.99357105851791,121.27106543205379,2086.3499617216567
1,10/30/2037,1683.4330465421929,2815.2231397039614,1795.3703153137365,175.12312382006073,109.43273813927021,41.68009508136386,116.18120725914912,1856.5111341269205
1,11/13/2037,2001.5595374126074,2691.0946322954833,2644.5583866489296,215.91334257626858,108.44960898520861,12.119989604101118,118.31278119023243,1582.3436601869394
1,11/27/2037,2114.1786291282765,2458.4588516902118,1555.5313426848475,192.88337527634374,88.85366508888994,16.839639176647715,95.82018789602327,1351.8047062316764
1,12/11/2037,2127.6132923107816,2955.8036137999443,2538.2414551836905,211.47193606008233,99.322169775296,44.64917598832512,46.34846507691378,1791.4811498166007
1,12/25/2037,1594.094704481407,2798.80539728208,3499.4032666098406,227.73938553108258,83.40399240167848,49.482110505580565,86.88010762740944,1346.691599779901
1,01/08/2038,1672.2941065863376,2825.629816710626,2934.1593495592365,213.08712061697042,81.36570690019893,42.26876063974564,99.44954505609718,1615.1621855262802
1,01/22/2038,2055.786692328752,2961.5592707031456,2182.5241364589638,152.77682318384174,105.74322351878257,25.010624878295328,127.29040192209946,1659.8268806554888
1,02/05/2038,2101.6024132406083,3138.5982719729886,3339.0094490289725,243.01672336331288,94.89296871339285,19.909864841966247,69.35852512217508,1620.9368243061933
0,02/19/2038,1872.0499201049088,2383.1272425377697,2297.50343047156,190.22510307848594,99.6974591949802,30.310127501098236,67.4674644975278,1424.5827816103274
1,03/05/2038,1887.130333810464,3122.0259416655117,2258.521605487046,152.6168469226259,94.02568920825367,46.47184052421369,104.16684679246282,1200.5480876270221
0,03/19/2038,1626.5593824386558,2661.297436894548,2588.7654396609396,190.10476774617942,104.70553786340365,17.477129522888628,103.1698780215715,1205.5937273251632
1,04/02/2038,2192.3698400309545,2477.136127084969,1351.6869131593612,218.1790129789456,105.66382960391932,15.730276188315798,108.54964959223925,1376.3063174948447
1,04/16/2038,1749.2432538821208,2559.441857708516,2199.252163636447,191.21780589326661,94.87160030433587,42.36221578535534,68.2712787035849,1153.2702868532117
0,04/30/2038,1959.6700141874078,3099.088252588983,2903.9239701044544,231.944721370943,99.78499182748045,11.141592876655118,111.28125315678992,1575.8605718258473
0,05/14/2038,1859.3108098356588,2953.834999501095,3085.2276754756713,178.44570704660526,96.94272195745678,26.13475533871307,102.58882690734482,2083.6620703071035
0,05/28/2038,1849.8078418987275,2182.216175877417,2133.2813062011946,233.77446501987913,103.95139475605438,29.95978795173315,115.56088116330233,1947.7083073290073
1,06/11/2038,2046.0277838222564,2825.219481256321,3414.0418289743475,164.71154023801256,86.72959253477765,33.31890484055067,79.02335259179708,1880.5914099875645
1,06/25/2038,2041.2742382427011,2672.1095292764485,1551.7971871706147,167.54575106812717,101.22631758481371,15.228639216284364,63.51458571096346,1827.12050060793
0,07/09/2038,1660.1210651287695,2734.563446420583,3148.1221960815183,174.51009837469417,83.41235911785748,11.643963425616013,65.18134424048813,1231.83504216669
1,07/23/2038,1622.1289182108906,2489.854038975249,2324.412531714376,256.9238626842013,82.52368338981151,23.790057576425987,63.43390194322235,1270.276960489121
0,08/06/2038,1596.026967913582,3079.6954476754318,2169.22301740716,208.05948812910898,93.92214168221602,21.95131485888338,75.83716170464064,1373.8711760742563
1,08/20/2038,1894.934807980845,3000.990968364801,2687.234565324011,191.32096797034387,81.76131785476916,47.681213231567654,91.85836641878532,1229.2897361737291
1,09/03/2038,2033.704978671038,2425.3544695636833,3363.1958896466376,250.14981185313968,93.18696377918614,42.35558700261664,93.84733704579506,1753.071200594655
1,09/17/2038,1781.1481486411533,3187.9741905283863,3303.4021198324835,249.35469929214065,89.94048324622342,28.706885645774566,83.48158447290274,1471.1905149070585
0,10/01/2038,1995.2826210065614,2205.6407802475997,2724.357686329113,178.70293386756893,105.62905391139196,11.387965505742791,91.6437173712705,1241.361039980797
0,10/15/2038,1784.1969305216546,2668.6317579871024,1957.2352780912684,194.33373845284223,90.76095100042913,26.74952676333971,93.92004856018985,1540.080322179338
0,10/29/2038,1755.9004864944648,2386.361432033214,2113.2888509593427,227.3861791339719,86.04324099811362,17.960394337154625,112.94471736999162,1603.7452540859344
1,11/12/2038,1781.7192678362676,2232.5403932824893,1261.700096494395,186.203671230055,92.06028037509664,44.662160873509706,55.01593701354031,1543.2826704998895
0,11/26/2038,1569.989526852593,2972.2250079534933,2507.6614010468766,214.27454776528802,99.32536189313456,30.575820097570535,57.947483238386724,1586.191044576823
1,12/10/2038,2182.970935340931,3064.3420398032326,2737.6591627922585,248.3693115821536,84.78720549218653,27.08536974880682,44.44065780023989,1397.4383409810553
1,12/24/2038,2070.2575890824423,2683.144123087872,2059.5935111079834,222.7660934668324,99.24937218570452,34.30643855763179,111.74602364746345,1297.6866929805392
0,01/07/2039,1519.3231669100423,3131.748167297904,3426.6392102357495,194.81909620799962,86.52690223711258,10.475525267559558,67.55367617008463,2053.1262480185032
1,01/21/2039,2023.6444280598325,2954.0541233026593,2419.8603522815347,256.7631506591314,85.69751545565838,44.39774124827374,48.83427149646556,2025.2754464911432
1,02/04/2039,1976.5377153408901,2351.820827543786,3381.4227895485237,224.38917107752295,105.27274826994696,46.09995163634028,118.20804666923149,1397.8213824724905
1,02/18/2039,2044.6500947315342,3059.149436518098,3394.35451506251,215.82535371072998,83.32274784773719,16.245548556304197,59.59906876533782,1823.950608963431
1,03/04/2039,2142.48364695975,2475.169077854556,2291.9476730262963,163.81082359155255,94.71798045945395,24.357542205711795,66.28800370306608,1100.3648743165386
0,03/18/2039,1976.9931307208492,2132.509110863055,1997.7934648564258,205.67581150993414,86.21327109807578,24.570913050226313,119.2140507788572,2079.6420127087604
1,04/01/2039,2053.4080823985573,3033.9148929988214,1345.1729082285335,198.9956429680631,106.3826028043053,36.439223684073404,56.604540215007006,1707.3745851921717
1,04/15/2039,1971.1658405321998,3141.9648577684848,3326.9258958916657,152.85364344731644,85.83272082582391,49.48553855222036,49.090427699875555,1138.0058040672795
0,04/29/2039,1943.9413023925008,3119.0493587778324,2320.781784401074,235.93141775678464,102.3571866932952,27.737243335507358,60.859147325836275,1853.971574824227
1,05/13/2039,1563.9146752619265,2988.964666055487,2841.1219826703064,196.02317401264395,88.61130449921757,48.840436745187944,127.02755120832597,1134.927236892477
0,05/27/2039,1529.0157880946508,3164.915196093305,2904.979144560045,205.97654884413646,100.65356805708055,11.492768784113245,63.54176603354454,1279.0693565515824
0,06/10/2039,1585.7718809077867,2105.1582646184233,1869.757355453311,228.4888239061333,91.69986742764652,30.37866752308256,98.55999032676502,1443.9676232494746
1,06/24/2039,2176.3488480958254,3108.301606392143,3008.5875781671975,176.39247389327716,109.50687032366302,48.999877135774234,129.6374518891864,1860.8837913889138
1,07/08/2039,2037.3739014496691,2552.816769297988,3261.2451552732105,203.6295551190879,83.96391992831431,19.895260217664948,78.70073034740523,2056.586824493711
1,07/22/2039,2023.263441183506,2729.1671622907456,3010.806859820961,202.76185103286124,91.01694040761497,25.086041378249163,92.30608586528876,1196.3907476786899
0,08/05/2039,1716.2014117704489,2477.3473952094314,2289.4001232708197,170.4274892132367,86.19836755256733,20.78648268569314,56.06053491736187,1618.1775952704493
1,08/19/2039,2049.3052676109137,3084.623605758989,1954.9635682020835,186.87771550628906,100.32005814511263,25.337767050414538,116.34725677967816,1940.7571153888464
1,09/02/2039,1866.1892411503104,2632.8862856891615,3103.7941785834346,152.116772009182,93.61527600193682,49.08369566026054,113.51443225042092,1125.8614981151209
0,09/16/2039,1582.812052033459,2673.5333489834143,1338.8378790515692,176.58162125417,105.25790995953919,29.997244945175346,123.25092280343992,1532.7362144154029
1,09/30/2039,1917.447500618947,2973.8572852427124,1915.6614842304184,259.4492662373141,107.43740407884749,35.05780338352259,96.16319228863111,1909.5972065653757
1,10/14/2039,2049.7557349497574,2963.9052991270255,2219.210520346817,236.15367133559238,103.91123253241317,37.043887700357914,49.537166377028996,2062.692602833763
1,10/28/2039,1811.4081260668736,2703.302781700085,2261.2062704496484,190.28674366130784,100.99323943869655,40.5668270356983,110.06621230396667,1905.8761870492608
1,11/11/2039,1875.5106616423504,2414.3843324333943,2998.640138705271,158.60329413840748,85.55256969820236,45.41497668955726,96.03318816677134,1830.2020691605196
1,11/25/2039,2014.5672610869128,2615.627790397676,3240.320230842033,173.83580458096353,109.580831876952,10.15509016074246,119.6781584410416,1483.4491193778636
1,12/09/2039,1915.8686310328783,2521.311283745504,1418.977434046324,240.0779545398555,83.69023075843529,18.25957073751995,114.44426987825314,2094.1278717624145
0,12/23/2039,1813.2881031497081,3069.5785996444574,1685.0402467308008,181.0674337515942,89.05468134373245,16.220180537236626,115.7070610941114,1756.1263389480587
1,01/06/2040,2148.056741262091,2136.2951925735383,2503.8968151150775,225.52035655973452,84.05980905785731,29.47761285804265,85.59511369765735,1965.5125311900247
1,01/20/2040,2115.122712066115,2798.0810979880234,1984.763586518934,217.7725109479885,93.50558465586326,33.79530080378884,79.58437418296461,1710.3476950563727
0,02/03/2040,1587.456411915755,2958.2599319479464,2806.7510137572317,244.04775469062793,90.43124931546373,19.41437137634203,80.16430472618794,1117.8732211713468
1,02/17/2040,2042.101241660328,2260.3089724138244,1323.2932250034921,243.8904032762082,88.1155729271304,31.04375997995725,40.47024664806807,1642.9817026601518
1,03/02/2040,1714.2500067460887,2519.035918450981,1470.0466131200728,233.58594375526056,82.47310503863501,36.9231700208602,110.20441545496541,1138.177832597877
1,03/16/2040,2042.5569447226003,2804.098858551817,2844.664274805725,169.80824172278204,98.223688614418,41.115954170519394,118.07041508938396,1702.9844538159318
1,03/30/2040,2009.5558118368572,2977.5450278731473,2576.1322311996455,168.35497010202423,89.23089283373164,49.42956073194965,86.80766452733843,1185.4579722784576
0,04/13/2040,1901.873489398037,2669.899068769584,3336.7637772806697,159.4079785178725,109.53000005347263,31.101718401433722,43.057063736843475,1115.1610394559077
1,04/27/2040,1590.1523535896256,2553.24555776385,1653.0565252430868,170.60617995379002,88.27812976758301,45.349353031349395,96.41967947471723,1647.693727062891
1,05/11/2040,2037.9046466398086,2276.4781304345174,3227.6023675332694,187.7232368206138,86.54447675683136,11.745393276569809,41.77001583603263,1104.2848818889954
1,05/25/2040,1955.7436124299452,3004.351538607118,2330.6756605012015,163.22398791397188,97.36865401950843,35.65469553775432,129.20337702585607,1203.9794506991334
1,06/08/2040,1789.023684552862,2460.0714662001915,2785.601453109197,177.39497107375007,85.79257321154405,47.48046349767916,121.24837715548593,1682.0840315060123
1,06/22/2040,1706.3356626817003,2192.33655290418,1327.2615199809215,173.09528667192944,105.93140575915595,38.414047258197044,93.76691147127238,1500.401899203356
1,07/06/2040,2095.3029230402626,2122.5145803621117,2256.5291176832566,226.4675731953581,101.97875172755745,43.0370718060789,49.69112877875663,1770.4743235793126
1,07/20/2040,1896.2356544991042,2803.239921463085,1702.610979977869,203.36024223593944,91.45229346375174,45.350906192240835,112.99239775095971,1103.6909333975475
0,08/03/2040,1846.331134309147,2423.954925717866,1712.7314659329413,153.09685533321021,89.90605457087469,20.86205241920284,95.51216081841795,1994.9397269257988
1,08/17/2040,2022.3170348170931,2328.1121219005227,2944.478763138748,225.10977511319882,87.27069528891232,38.54872342525731,88.56107929348187,2011.3006555865006
0,08/31/2040,1971.1078792808478,2927.836599894397,2573.3368952191295,224.54918035676445,84.56515286969324,14.03090005379434,125.87055551102067,1541.6880865497737
1,09/14/2040,2131.4755904972794,2543.957304381892,2256.9884074684196,204.32800185410218,105.89847244262248,46.612894254420816,120.8597891095174,1635.796435648985
1,09/28/2040,2145.9261393068336,2666.0002848362665,2606.2651574624188,219.11121022247457,97.09238055460753,24.299799950875382,83.34481077877521,1694.7445406924703
1,10/12/2040,2086.5855498336473,2673.1985277693593,1964.2839473160907,191.99577989152567,97.58795197792745,32.68551676813447,62.959466036965146,1620.252763315032
0,10/26/2040,1717.4017430575923,2425.917836859753,2750.583014966296,176.27085399699493,103.83849740509704,25.72454500720059,104.52668288414488,1480.6581182463049
1,11/09/2040,1834.1108823772743,2637.4628541173597,2971.0649874059704,214.8633826985553,83.79536810304144,35.02420713033689,71.33301374787179,1855.3276698505713
1,11/23/2040,2094.664207610488,2746.890828436125,3451.75274426231,230.88462802396504,103.29737119695773,40.81899764665128,70.94241899024384,1309.7634212329017
1,12/07/2040,2191.4326200381224,2958.722796883825,1775.151565565117,199.3763670223637,101.18344881364511,21.902585743060556,129.1190780289031,1269.5256947929593
0,12/21/2040,1507.088733420357,2161.1475947200274,2613.6575774218227,155.42973562296413,97.58021796307702,15.410026547512047,124.27374424982926,1448.2251594727845
1,01/04/2041,1907.6207179415596,2378.994475502535,2084.4077998527832,178.58281763822868,87.07349151970969,40.90539251868196,48.86993479285636,1100.5751498857296
0,01/18/2041,1515.7507296097672,2564.6033662170603,2951.299274924232,248.70188059809718,93.82921118428975,21.742962565933443,48.616858740490635,1445.0993466345344
0,02/01/2041,1612.114115865676,2931.0790353756624,1212.9387379285827,152.92774029102748,87.03974498185053,23.747065937702644,47.388756994819765,1395.9562524744788
0,02/15/2041,1583.1808212830213,2145.4398438755784,1471.6602164725864,164.78031031463627,98.41587232907622,20.859601498296957,53.88454524068782,2006.4659252697165
1,03/01/2041,2142.8486450342734,2175.0290187944042,2762.0219643794608,204.90391918606164,95.55300048343733,16.301898069908635,109.64252705981872,1702.796883163643
0,03/15/2041,1880.432478068387,2238.898544572302,1973.5819962793319,203.119877133099,87.22389046098876,13.313636305116724,106.43771842165795,1778.651464488567
1,03/29/2041,2196.281364755868,3070.106883156446,1692.921248799087,182.51055067411102,107.09570387691834,20.634759597832524,105.91719019733691,1794.9861115944063
1,04/12/2041,1654.9192614444712,3198.8023113380477,1226.1112792706754,183.52214082972293,93.50989526631109,37.03623448088197,77.05692075314177,1118.0837334852667
1,04/26/2041,1785.8447912661559,2694.4623109324957,2660.364287434233,228.0030068756804,87.6830834842307,45.90516739516903,40.252972483255505,1270.7283019835108
1,05/10/2041,1842.097129396806,2238.959064908135,3166.1947817648893,235.40452288957601,85.17649029871113,37.93306701005142,116.33799432077336,1207.4000403939908
1,05/24/2041,1985.9653460679551,2523.6695735307526,3139.946859131231,201.34612992176957,85.4306167461779,40.700728780263205,52.46278614008689,1860.7615869789272
1,06/07/2041,1695.310055720638,2473.0770841568187,1668.5080966593448,165.1082564038181,108.29304768535567,42.39241676508241,125.25611474587284,1797.4814547354424
0,06/21/2041,1678.0411548391216,2268.9812532875108,2203.164622951008,242.56030514891393,97.64572164547403,13.340524696022733,72.05793758321909,1449.438444637877
1,07/05/2041,1994.12231085088,2724.4628544094203,2331.5377694547583,196.54239203013603,81.27238563817404,45.00787683981371,127.10771290688903,1755.5030313036186
0,07/19/2041,1878.7285508277723,2697.334764964556,1710.5468868683995,190.32547179406438,95.48150570071779,17.192793384243977,104.59324947469409,1729.3662092356324
0,08/02/2041,1643.3039417708746,3034.0554562806324,2494.452033644131,158.85245746373084,94.62382657848465,15.390811988271341,95.42429057528891,1399.9690011359066
0,08/16/2041,1854.2494871804693,2412.3434606722312,1578.3646933496807,218.0230279421953,104.02090404109292,14.064812395198608,86.01873416090424,1534.1034170948324
1,08/30/2041,2124.204844739901,2896.9797703761637,1933.7455439398468,240.95889180619628,97.95125392442284,27.724624070950817,62.35086820684786,2086.8993216321924
1,09/13/2041,1659.3181031105291,2943.310167326566,2161.526280629566,234.44808021602785,106.03136633650332,43.46460772782813,53.942772626152646,1935.3833750905635
0,09/27/2041,1773.0542830299928,2592.4147045013474,1673.4127564142004,246.5758865241104,94.54752944049024,28.7774256612106,116.00389578171338,1899.1850507928093
0,10/11/2041,1748.323694071749,3156.711734611813,2596.4032445200082,213.4514891947281,107.35250973561475,31.08185272603707,78.88496329534357,1504.939270743972
0,10/25/2041,1663.4717628400874,3024.985398022247,1474.6515393221212,227.35413829052737,86.20242807359729,13.355403289022432,43.716813687833174,1460.5220017773079
1,11/08/2041,1973.0420061278537,3094.373422357251,2893.742708149775,221.563958410598,81.93732739277569,43.55961031167685,112.09518695837299,1573.6710307865665
1,11/22/2041,1513.3289408485302,3051.412216574425,1483.7239520654337,208.80074688962083,105.30206987640216,40.305618139411514,53.73139390561353,1196.5069718332936
0,12/06/2041,1786.9329452130278,3004.5767584137648,1824.2366053945998,208.38750644415074,88.17387661031411,27.88479464664331,84.95907190211506,1486.9146157231617
0,12/20/2041,1556.3479819707456,3052.794897523176,1572.1409709015454,200.90594548370953,86.83159252738771,17.642254165465815,113.64020929781395,1605.0055062154795
0,01/03/2042,1987.7402624241147,3089.7934357472636,1539.8243466311642,237.70153347003554,100.97141811895942,27.629936361070747,57.802505045775106,1759.9680297028744
0,01/17/2042,1507.5440632470566,3155.526850023295,1212.0038035950388,211.45272396135323,82.81343597846103,19.991866931037986,89.01071822153109,1663.5428777009902
1,01/31/2042,2176.2954689519543,2426.027529738604,3092.323253942977,243.09981008680734,82.92060126217243,10.9786488296057,52.080599121985486,1564.0962705685968
0,02/14/2042,1776.894174006178,2563.892108924264,2197.7968375789924,169.3502207568974,103.49688985086786,15.7614939475891,90.80349881802837,1754.236861879345
1,02/28/2042,2075.8427860316046,2649.5584802504386,1731.9449416724422,226.96661926847787,93.65789504037905,42.41094098986021,112.57709239902577,1723.2082990647577
0,03/14/2042,1633.9872362030258,2718.1486934366912,2173.7083998758626,190.31531383641638,105.86547521135394,11.523120371358484,59.488044210371065,1936.9575413844411
0,03/28/2042,1955.5799268271744,2185.4184132988335,1454.4937325392982,161.2818690302844,93.68200163866867,22.126850673637865,105.41328972124022,1366.2341513268848
0,04/11/2042,1673.790260753893,2180.338149690816,1217.594870103248,186.14302388197046,92.03740791959487,16.788589132037654,56.42787538392495,2001.9477616767876
